2; 11; 12; 10; 6; 1; 1; 12; 1; 1; [-0.31492608176538177604294782923805052054748252636418226964743745041142752758787994530887394243947810046898738107075431895953153475117714176687265458478045394394634337973563550930467438231290583998656200782287272724257298978680507705158011087946815641989511476288848374287859294310517062242037065384864592656052295755330158162492141847354992184776501996457269876231113167878972848905059726441590678169453389299321361860022298654040668747418945000885049108890019230073066629848618032721803287869605681325413430531660430611311686451383535010409810555506217326013385905276954807436547286295392780319588105079114937148622358031088809528168104906086164335954603728594571767372375686 +/- 2.82e-675] + [-0.38124543332150275006683807409430466699710810879148753464837129388086384312463446733104727169959724908803830866333492687983319588485878400970260056924306137973770478236421571158434969315126848410781979114399667219341057943441284337525050367614927419218208064961884545165094216669290737185250215967499672565998683002436880202883785619329497204511418246946714410792387384462728538584407227509734245117022593289894282201203520994737828114776063023109341943822701732985476457451766263168903125159603872560547784299401511699167713925350617203368392231224718577451748287071938540802821570134964258972648542011954349841691775573730197914950431799727144415914528057509840029716441036 +/- 3.21e-675]*im
2; 11; 12; 10; 4; 1; 1; 5; 1; 1; [0.142928802365484816096286078736112043556576695139033345675026883782186001872919000294177982570593747707109948560417511663869369066420088801300280569603936710757944247919962531399820270381905807395300536214612532070318593704747877255331178025173042427636027012464359941642553720378097658235650939358221019031036040048260475741330043057014033172551293038288038156336025870842636957559991240778640637270028277126813034380043528260928311181491523583306601648185757728654980332543662865367351176723853160149208830208169652773383443683226297400648967038143203238944468192145977395880658017212574378074217410197792964136903316987964656164235143962230761018756263290434597395627288278 +/- 8.76e-676] + [-0.286544435499172172514116929180033501213364876989017825795296174978581276076869694299926930663827424840831282916506005104555083851050737507718483176531425241095577141360085181344201750057381189351586857776437024409320952528464574475580631438005533813831671032344485840438153070764706991472053890639629618562096245222388042411579356065471115124610295945236552530406650945603002688566702495075603983988074652683287133541720912620452476470849105293158349125928767729780160476013501188458151452638690857054099227698176425508880638922323576382660230019908536128296992016114284893495194658946781905810372920784580055863656370989948032841604733701649330896976398728884794498341452180 +/- 5.97e-676]*im
2; 11; 12; 10; 2; 1; 1; 6; 1; 1; [-1.996398128485275531954886818669951758108523364338133354844973758207367150448533221137733955135690828703531504271785765262755937983413856325713031386016240912449737679030296109448170335948182948704274505236529855730991464540460698087601607499712926753597785001010070663899784783390859558154905493295163160231017263693949064076814845469027544841670343247958156184457649767437393679298365172229214459682345794182674629499646555762132780813541919328949595545504347557802897423544237785981692911624188707014797437969306619330157714082292429836051135068910253970861508158301939793408310730292578978937739677388214752452270554346240178260584781263650988128969319918322313150272235973 +/- 6.88e-676] + [-0.261997759930758794510853279205017211307277169099841876921554996805238064850211989348412979843906498493475468369465145623510373615394122350195926154136581749790623523466001952939933028295495099125959252865381676433831698799873412681155710280860488204005219900228715325209057604429628063388447187282903873400309949014162767260713496575349759764925393277469806653700240586782285535407015568221751167425143908199903142132788178348784441209331109806794826359264190818780928574348458227146765405660584736922443006110972993582565151859647570469228062632429712338377795579850202654739109080846910613633495034449054662068553073318896551472962106343528465867984166834613247726406932505 +/- 5.20e-676]*im
2; 11; 12; 10; 5; 1; 1; 12; 1; 1; [-0.122827761915120817520765525914830637666036586601277304528248921955471390987507193560355011529788833944941728218237690504593983428659760422757978598225265687336908276935041885230247583474278681880870879141088603316831893031594171312661824863917092146515048466187384668352509248044679688677123767756369728030516529178387627966924426938355200398984518043358966038975221062635449842782862238330371221688376258084613022301662699127437153620939038026882453344231958024783152890120146197038701949167137318242353278188960813534098300966803237948684885037888838850060998946061679509148793803422593600449842757507848154648833426268005511356813243186767342748677844592632426962780735308 +/- 9.56e-676] + [-0.119207289334460894308236122486525650728304640012614155288856676907941531645603518534252598674089912568175826604719225952444093169759404531816764033465048949774289052266030021376494381965703915087665027588822398450750502040241277361021292479797648854895730980444743714886906957537353716529577357988000797474578525349674381294014931125866361278601903323372031821004867610786524477704216085144370438101557866135658331024632344807790099999344268508999386052333498189764984877142688513458465914780613383253061332114795944060893787751736740385851044445012021760165501791082035330365952177166743880188805831192627560246228077996251963916869855907018881615706835703048406140214533051 +/- 7.99e-676]*im
2; 11; 12; 10; 6; 1; 1; 6; 1; 1; [-0.72834121737269547539709552405836740480123690641356788677850915184301902550404247686813756627676987189077281862039198115736807885806364764650190679149538439065439662941520336298742877385214198531447826397515094464331012362486226857336540092803530503058546250767919288974445206105141625334105877829358712860393435540085110404168516628830022480010282083779298128316114197078134414562515832267636918614386247110201716820644069842087036749556616512197705180245575981097498423367579884960003100158254132486562078614372586024957890433066028506581553297317737652071405117273134459618941774634363712073547550289992763380762190341267799307422930821880961869783851769603622334459367984 +/- 6.47e-675] + [-1.16189696805693182203690394212282985182333990878123545144625597319755740865483275932619521411156145345758852444012152581417501113896510437696404936162947459088100473376721496678068739040656407062954259735272459277361987314213917700259495629925307337841784708646789041339799337961432676050826238873372721585012056339866042532221958516080820350476311998513718428623769563647956237277440996681079491841211691867730543558986223572281668535112995753412672162929248676797378055278334840474333454407761634606886012384299422432634414510570485693999258068948602769397552684329274263076884553441966576097920880960766882122063317409777594021039324503722322874036771997606982909492062237 +/- 5.64e-675]*im
2; 11; 12; 10; 7; 1; 1; 12; 1; 1; [1.15312365454310848566795294405072314865180505697442944830768729720144386450372329206112684497370301195115343691161951664864389731224015613843444842974741701854588444006094365070524935020652096285831401708022550243785000622497722313482072859000610553627478144610788333926866458901229107842269626965495355323501563820400447634154166715720467932903782338207481857740299888776331250901709720197260832737217115492106473099256084655979096230146972816483857277233620185855792829518465442855601424344170551496268074052081739348791109698973022527563948081515886640588162064364090570458924791079156806603892446426149326226899735269832367774835748313201619348055924557658984563258489810 +/- 6.49e-675] + [-0.36641608486244858436129068136262741118773776419861287007732610372128315996653079272240209839330666250787718585594205536068418988574341199518951982539413933212315428146712897390455330168673956724298000953970349054577261309662690044270081816989227718707502517468433553765916746735692957707352558632356758415266654255458818747258673320681444013418864528175015380191455163525342812150001404610919547296706530074335375631535774333761527799543127849470528153308848296603152236769240477853914802108927872966314087109545048252983684654026180106079096833586429859238620301429283727007872813698771201545568715798452161316730573870220252076333995185357622702413816581027909901290903402 +/- 6.28e-675]*im
2; 11; 12; 10; 4; 1; 1; 2; 1; 1; [0.113632693850910954393906244558210554168956988096822135572371457888186320440646882243225671824085270658352868303126825623111199779629497330769697026933797261381128583304083315225690638038174940788357162303414150564435092017041994715887676686359688712031042993611706027107813084454857439451730652207151287777967477545438271312629949556789727627634865246565608487151596235566673381085021481659629597406313482240212928024851884823559215720627241053474952809690220968900991161678588659712237378238551248613083678412045414719748949614659082964110810112401542599369957441752934186601531224513727819513631764869503013200515059558130426517261084704880669049334168473012132116366244875 +/- 2.96e-676] + [-0.099807318297962088237956510886292082077867144746752858281822623800195433320737751987092776823961340264090106444805944688322552218490941754618020319633526689992063922557488397464449117394422775878218132494150720349130237260369039256789942165534556981879906434025784768894435198598305968850580782354487695784123737162708984487681204329663003242864300191104915351632876394119751524265352834619483305062958989072006031738230940601030613968234508629605662310720090761581887121555113156844475654880227127213007668111509921652659963998528295884089266994652295728397744653650090721890533924764029080766868940110498624799223227417318465333976722870083071706781871417559346656444053765 +/- 4.22e-676]*im
2; 11; 12; 10; 4; 1; 1; 10; 1; 1; [0.17178722439829911695876884386188000470589826425270590926653372296870418689364458754652140550786315990127675738292154134539545042551002405575027930810766497535574428217809705094070796388498102286072310374454574757257476481298286703581800976585014202509475490717947097519632944413735509575563651025706097707674044601039160263500992003628124207437076961530024333154225343923514261221379451242712817173818818667340735567951603848625117720446963452097913873485183507011188420055376194176146630989077832211429897071439715443204706523737444878419733063502593879472937905430684523153434750785075375981491405927260646130875335800451235248462125066321476541406882528068055124856299203 +/- 4.54e-675] + [-0.12517472450530130338361412943634875140593048167661169871980939167140733287285888099137506150678879890986106381015345428833397351398920214761800934954204087467695123098393662042310003055618537854834470489312027204404985906765220032603564698831535545676800005805638956487428526265528265845698512571774524528070617979039400468247656321791187580631176553928578003205001501362163408636205151785666977300776983044994439684010376381900598241293774363253925425194079334379938946112764173848775343567239412804305595700159733198714517377194126072424844906273261990714974377283055933838509834657059211131005159378864119953279634666356008744493006740140705290872709415156745758251849790 +/- 3.85e-675]*im
2; 11; 12; 10; 2; 1; 1; 4; 1; 1; [-0.176313827111547430562972495863288911491584171984861755094367946832364345524446871058370258793827318125453163711703390527249493755085713625097816367745811210920995098724911585823043453263595868084262521353514270052395073014350743280359613157421322679659627703005551278077674652884746917459790594992412749559596340062902483745426641862597689235145906544198873144948283955124906797064104696446054512691421497548441216974009135505178642804107404931200161276688815841224570453091210608521996216585529240574242491504413504572093148727371425065168378271098475334398900870329239810721682512040840706667585934660443190643407625946437151685850747263399935850338631070342488037689480601 +/- 4.73e-676] + [0.005916517388132475225787810883529347203878302045924274593052864119213912908065857067872918195551090130737793880353168606290881924463784245479474995944932400756448590831815544624569801390751031648737901744326956452013020287633865229546216847034018580532045202005013478308729622064601692282686995431196295696746128525130271139733994311965639556076815523480621771801319010558089873417219107128987742724948692127025423883712829129309323367529460989597436262525626286843703807551140776587128057723801802932631953072124320274968178135325841114504445699868706735211578155807672643596549940855527970139336777491030945672644674673977060720541794751071463819924340563214381123122275596 +/- 2.79e-676]*im
2; 11; 12; 10; 4; 1; 1; 8; 1; 1; [-1.273668129232794484953727683114006199007547723574367192970479189482978422292026296364032590972168964990443106981353950535528109023458366240607439470255875455857223877925506117654094644940559242180423647323924675722963066547093836117930920529187094877118441622532677202934570316169086283092136994903128487377580077076347274636536920432612939740027437674151249040204898456239620541565106720170782722601885420737156081882459300350494559916484105389364288824140631930501601977144454405503789101377713072299060178963051291257032695871935199033621677579160766516112982794929597295188420691820208088693298231414731257932721376754341376861712275934654773745807019804631165674004761830 +/- 8.17e-676] + [0.238541520763035896864575126638055932750252830066085123537637305665371774938599636304130462807937237257340976473437355768243757710865532778139378786089742379392880491255489294712800807804989093105471461684102181211786104818127488407708803021363404821733823799906342637636186864441626352097002938558989986279143273482724893012384295772469906481800120819811397162217660606215447009819474995151864948553033438680525775540536206213904208162427764396268909145249092452378647748412999159650267706389457396537414520660379344484920142872454784541126552725424951823456221976923829161010311745749155928364410894030793086928938460918895752090236503539069786292229307238717698513078787203 +/- 5.72e-676]*im
2; 11; 12; 10; 5; 1; 1; 6; 1; 1; [-0.41819595712109987679497061912939379324966535692154696503254195720460345350613480188661992564707015207606557780460305376101174440183244534814387310092010046911241950229239888389728604976258634361594003160617286188050534160627145160216566470443742369318010684684595383906916839683418626519235700537488503145550596500291359433953293141252926483489051610175978185184673306664031084667104798565615477801407439865921668190767800091198871832956843630574617733139701139421447476971368976247978752605962317123375565013133573455050187427244872863903827140527500648328546626382313505528336406302231558927355520244859436525034787403982311628472340471502985429814224827672486967380250528 +/- 3.11e-675] + [-0.52800113544082574704952245271132000228523790243173455961341598109896191162720491910105694893708195849807107673402986192689501660774473913908825063790354777959557094629942273110657756324360074407850563689631528586892850894091195225074934110300416095765604773294011669173979019362450460888133085099776184800101926320256695398683726910184362208733818883410103152106157145261082200659186961920739477378641060319509900859835091501897185046000955072616367257154970237394388340244611779058317764086457334959479818152017477449408123326504551984782854876110023996237021398404010780245932158010566684635061223609552934587757388642297013206684815829354025902604244387098154152543506562 +/- 2.38e-675]*im
2; 11; 12; 10; 6; 1; 1; 4; 1; 1; [-0.10651228844577696611649998335015015364645323448380442151150023003068438753508951074975044222618195156070171633584060285339975419911560572160591396632217903412298155901672984446439938918071513897928930370990442192437348172508244973982156164491917290240702100965433231484604472602072553651438783430028023569459127289658684541523419121743211044336484400922445500757579402016970713609997240008097339791363933077006635021631736841230422656697295364100560870362117997716680337680329547224975291139209311159797689847837629283973918075404068579895621690718808961651646569806682135949092660797067681305007525013509439094742316647681622212890668074230292217762849157847858796909967591 +/- 2.73e-675] + [-0.120474127495024901060793194823752254602799939173594991949982232874233545936606875911466097873122464745929944576389846754747375864059947804870815010771296343508022493483821753091364773063574593608502875447317458166958905915136347926131521468174765322409031046604587901407508210108751601716171624670517308137408315384221780359999851680586457629421422528112084425029866984237654426153674027167194841092789586060167477412503930023836182066860330275166537655288877030458282022137240296058780970653205231373685059959607280138736950164570614453085888861758310803771104602012048955777167658262416106089735231024995893938522941140343074329470412205603163364994916744420720026168225612 +/- 6.30e-676]*im
2; 11; 12; 10; 12; 1; 1; 5; 1; 1; [-0.35398475586914009899913415418705630140252667974707593940871776125100491635493554356636359506596856691589305941122807750005545766943184415246573325740458319367898172502079004089138546247989380570688731319602041148299073997403998320324351940533838315412979699668860902522699854164535120015804900447205905811116450207506059506728801832071235276209920176824758532485331696246897671747305546910515381718061028899642246444507763004976185258801037518122976999097399638753114917051923402660596902982722622598689613261709671714371997977117915704050832898658839366497055899274884074141002025789095614841047042817724311435590983545759210497122447696137239337743466329184078707866665586 +/- 3.34e-675] + [0.14442975991423571428855440164592860338073585571211789030942887196239326519195099542268764910481746698212597284121194967267349084030099938184528545032477418510501113929152084776833612502100566088440131530689036597164756668146871206608197595716890924530713803564241242573875177190503209195025484582090367181481511508981993196255855109515854952078564435752076405705753557452100154758015535455531219337944399189249079208949163567106090358939042554948981671939291196128568344990619285785440622715700096697063464706277489056276594310132771100676423591179924940028401047889041755453871967871170787730030813492658606797120728084098707043312589652079594557549140889024644212781853925 +/- 2.03e-675]*im
2; 11; 12; 10; 2; 1; 1; 3; 1; 1; [-1.126959076979646191481397034482330381509065841158210612801007774039245551327484292066195180975954350332442033272576878065415657744126776385947441179561253426048181423748414637917544426081825419258381677336159542687192947232748553801268784027276377074067495362272497665649976200814972758118836572625821351285810325669586290698971368138770263940190703875571835092828251973252412552591459276431588448412815679722564957426409265310255757660041054212849478153526769096463921557729718936539863782449384237220095736754017361359466258932936366974893898661493783527461241465009813974140291047934815947090342850540979048945817586661683806980815941599789470621673377458532499183229737630 +/- 5.80e-676] + [-0.355052199750492086060144121470024218884143607720110824450325457937627459037658627926120723007143633212148840220761022881123718406025215824653513873894903329041407305550386201516054454409755728089439382202160551445545792791392321805895546211401176505305171644143430280456431749689847773903050746812970908974970586049274553227040824411569319840723734343005322663611328079812155507639178789443421084291820626643119940132150248903466645053574217496050618755463602386831174962242231375579052765728759081520527811740526924316630107729808465701357893875922446808532428671708479065037558236689704282072619174826614905331754477961076837396447579155869093335469677143067306265612798890 +/- 2.37e-676]*im
2; 11; 12; 10; 7; 1; 1; 6; 1; 1; [1.40296399643517917053885164836724281714319426422448716673115037179049510899414299416811441157021770756670266903519154199591123988062010682431107445903916232257912181678615211285285602219539108451494742983979571454143373881872044624854844133783672054896979236199339342223838240975384238543437657251643637553858131964208170397970377012600294639444869225997910862400403421270306168429281311323599607115070648177724239755374837595358991587341709600039488773506910684658229421866994446113733611442381299489274941050077495053257256923053340532050562396376232978084122937830512227465041177714500251495796759215286992220393423060744203921123510156622285103841738376278437961230650335 +/- 5.34e-675] + [-0.25121113070703172800522386841363219073704124751679648432642558643308312083179782800608982980593993758632343518941193630848471657818007496938584044192970203627842598487952142349706083533617260510724986482750586664263488019747904536465680243385377733681228796940288777328349370030236779005227524676218423998009799744550122609746994529630611219980799518168968192260426179793933752560601696185932050497954374725842474806004096837834612869759801560851081788097568316461031738393014029100282986817094969965324728528380175413666225214749333645912304328976149958782464540733089948038053093211384366314495273298971385860971835285270146171398617316441750669441407231706721526448991519 +/- 4.66e-675]*im
2; 11; 12; 10; 6; 1; 1; 3; 1; 1; [-0.164515189749958405111693753227935973881880483524059084763877495176289520138770306666936686718769684846696242123059153909448892227961374919407345535926908686329836060497387092483602735455747990077958665145861379654064968183887955156679068376235550843455240763694436358145336970906489716136970966092995725187184649758492771276526935179888766321218212031387911688962671725487588999106893901465630869552662744707644398927650022281565118480295158274361748776006244971298125093886609478009833208749437876776618412409513039677503279226012944323381193232883467282995419093860136775553724392299788276981777615360675482728140697664178413726890589670751417400095267923734727579254817610 +/- 5.66e-676] + [-0.405740054096865843535433872140658939647569686889830202671895673548999656478917032677283577363598481632414795027357252323014473547144144479124288238993246848113331833398682851556135922992682275043578411975989770332829995552807269228066854941576479400937326419834312546047869143024072818117293059461332374516217443588811523628485367370488425781784189357588588737313217664102080828943236137787050545302768185611703151098889376222563884085480292606079834826837628873849710920049948123451038471532517691180485964181541925258466654366962190986654644870166662329265600016237583658053447472037705276978235306162739367925545554398320387187743046571801342255017064818922619629625449276 +/- 2.27e-676]*im
2; 11; 12; 10; 5; 1; 1; 4; 1; 1; [-0.57478246049723272922107140222897023200568075576221463042420305456175083168046929201964227624272336693773309936934237784835507593842505133687263514830851399229192997907114378595306989072460479934933379296141148729100078071387965533239166535287317009273129828633728369995393164360144544091014837986384514968231025187714165639560753863522378156529803718510037248937894154305855896506094251668989249396566562996068196511645843837556275471187972365110592682324668443664516702261430123758345879844403035609183202061460422464076760572714401464655242616567504818166815123418459532637729359225154145667688150921233960121277531666068081115412634151500229253350916662701607340681213043 +/- 5.08e-675] + [-0.521566169991016382104805073409066382591336273502634150072785584334508605696390675877491179979599138676036619739689239010152456880812482680144165218115502177820907220737938372967301688381810923414624404065814928470363624972751410058833407562523728639614284147196025632617707152122312852415021076957951127542997092137716645833990117199864620237496303902547766296784003148420280736247293431000603281031659010564958952065326059400088478147204108985435791322846034336429700734357982297411863343053979407068957021776056482769655998470911448161449586228918142664348694105343125226690964544464442760035237978922800286958672654196116953582529576339012728819321219019393821145183402135 +/- 4.97e-676]*im
2; 11; 12; 10; 12; 1; 1; 2; 1; 1; [0.167332499909551296362063260685576660266548230483844065630551139187647789212155751790483541377845824422324615682047712990325202424192816085469884983653785572481441254070686080782855984517805026260787932606885993722979917378923573405804016635319681358840900058375435835581586886931656681281029503417809236602260228190256056726949986889560124141156900943438778867359141150720066050593080967936348884314139458035139113702552704728696464241043266019370990147314320720604490280636474939780750031103070665164527755454148951298769401202611027014789007586133220052369617563189816702409977699109829216149095214722899930690061434116467857966999397407554999688351631786007849215177239285 +/- 4.95e-676] + [+/- 2.52e-676]*im
2; 11; 12; 10; 7; 1; 1; 4; 1; 1; [0.426577002401852888588567709068193674618262060768361362041429218831489222780543182992867803994117046124989429520398683255956883405396155677996460239959604931627080842607708792320223849060597931244048231598328222746471732198303767889347431295223693312289867456139588129862249174238589347409338343731800972769917358967680908820454630859418859038783981097784472747910982837674817417365194909524938814412635726365942594907422176713404841757437284190397531463554986750527822975862471785082054239473432356604707008149351519442999884994393572482883627043511198732830052579838275148909670923625562660585938247923544693986020167981667326887447457459505727189881161780098166132650293142 +/- 5.66e-676] + [-0.151478675225834174149790236828385302408449928618399778156589120341028863385953377910533275309974402306931329937938876756756068747478698274267313638996685445138808377625282721944485637750139476341333758002499054638061131717591882314590596094566198387361658692777417875909120613922358015326306821563265302839269914948961095455833535375108574650791938103255384330400071222261501922422146895762870528038505063643288059441375384488889743033542712268692187611639846701596192625972291949882358733965698605589213100956832855915656425646342929962333253090348753515687504470718364550407809132909503278265632556487848339452678111929577170928427509808644295849961596969189082090562378544 +/- 3.25e-676]*im
2; 11; 12; 10; 3; 1; 1; 12; 1; 1; [1.20524355405647772817235938551180470952044399942659554033814063267294808866585932606792341514365659553936862745875103754819058620804009973224244265578948439235139907693417785055835103417327431947482675285579974379486747668744828159435281296901610424429194730020611198738598498468501637696427615994786058885048237967587348478178409595924988186462290030082101894313041666533954562423024654820691529468996624355118735405663197643411055748053043693355992814468929037076082881070057690309836532067794465372231832468024421968917982818893054878562853780283276084820213650042186728212467843781828981071040242444922919296285206313801084722471115727879477533465728356649967277682616874 +/- 5.56e-675] + [0.19811630113792853377621376813597659976540869997131626293825528811339315915657704188580714112386020758100240381918819693891720202733069920499138402490422566266153720041378359130400927676150765850357441138031499940670894585725471790623605799443887000435472507996643534616026329826086234116644771984267475915818507983872241298873162360127830518111280264065734758826871121514790692582444996065613700417183783727583416603927091558639985326282513851750321665324142789466381194038518253930180375324735804485495779418472857409521880596840340146685620728625376661980506628597012831532241529905034819373110712835863422004129751077408505417097017639688058080952571665232145011088090199 +/- 5.43e-675]*im
2; 11; 12; 10; 12; 1; 1; 10; 1; 1; [-0.099043655751848623296312561402096291778201100100026014712286589553959867123715695165766994900196907806788769937353091904530340605385310735739708144987781366604123141588213626116103814754489281336541903513969587045452385454706769619201361264802315596303316199158005359278008166213069556193088911317618923535038142672898340682371754551992727905094681830280730005651526861371568234052049205293867845177852601033071438222929427946016291113292970525145354739881423854993399494525715197830379128584383829338532790987357524669056484556464829349866652636599482311252868412117526258385481514464990422246036286082100659335964075819415727889645883522912327001375667954324119526208303303 +/- 6.78e-676] + [-0.009038982417120863582272289372838292341914199771796135682664861935176842076140886173539723407177801783890805074042668000207784691665636894312213681718955930808163882288537456056077038392724302797493599727270336612095964605440991932484478344470448888019629081754516469427993587739678363965400289208369317602062072442711802859391793355260971046533244429842409578351563007255636684330143979901488720817130383815109882498468067191621706184693773504055539954086043867212505503188107147131294136065237993482298977337571371095591870980261929863157856396707292023951665807588793427397010858623430805772505625792838942898890455873616704845700069403186013655237824265949310303707469780 +/- 6.52e-676]*im
2; 11; 12; 10; 5; 1; 1; 3; 1; 1; [0.639499886076120821670623553921402870451398614173226055809114055942023768490221404058074001802985265191425599518189026603182646258294509188884612359900261991654423265231775732232578270463313200363830956552713475290979986099091319017012683161867382144862854050830395085605184557164734382070250654507290377713199407638179654178399203879887582087182550115309973459645566315298316253189541131675290250100981179486842321133292307333788514617510213402747791012963299386163259249570131750880923120907392150233210154320908575318893702785523089921666144248002035451652841684772164405381138131381487380489874197022077087394364156589246878624506786633991746901476601218448416050847985897 +/- 1.75e-676] + [1.184222461692537124764157800504954714393797274838087689971464927225222985154025539127750207869694293556838552696576988016340986777311249645693130907587238951688787548855250489009777461512847051731627095743070577060387094464769730731077020405771351892326717982838553501325652107387935805258356685221195412406790386313041796244969973630192825158257462712251503440248903186695173690925810056101884392769862537442697066779688484171158032664560894004890806676643115734513273841466768890429562982259835020069542721514330680039271529653888404507137369515596068573853948235692858693668614852413060756227998183842481046524417697722636949627335295364771311520796991708739230657556864139 +/- 2.56e-676]*im
2; 11; 12; 10; 12; 1; 1; 8; 1; 1; [1.281749584664830388905669480322132665976223925894126232005987599965091230747966517095333920437553152280777023068311215939722496721376036267941030842972802550609177795784854451918414762525802008566763073497332280143732742869490398488910616562780543993375425481350154573842632583315977126507333146276717323615648708561891346785801296291284546566117320468370461048857342100968010435865343606649407213837817432685780734289189047983478136722763227032923104715783114152040187094042784516466964752116627039664519494937999634549378905496723326338967087693317995951696954343536574772206617799197533474482063705232781860638663020210021006971611853130837395924873817560721189115812158986 +/- 6.77e-676] + [0.760624586329020541553181164699020647036632994095012241832657170335709635248695458165784296142942714023586625522442334684343949390538271444577619324970947315196405767055200768070228483292391804446103233287014582584756301768039252132366130493199760862167465351040311562707751331360516113929005916131373536250676251821532169766368802163705838049958290924714809199199938846638024128941797939782099281683479268676067777739086324952836513134140224639044147320526044702398480546686302356934888037210609531324869134530601457346793662086444963773309636326082463612093795830268078486057499932566678133415997628017913118712054752030715951877122220557984372831338462504155454776649523770 +/- 3.25e-676]*im
2; 11; 12; 10; 7; 1; 1; 3; 1; 1; [6.769191920521811384058278889567704585627079426721958573838831372806496217023814291559857581585651493769127894468632910881237831935455124225503344846750626067327063415495540369848749144307461637425562057314304912109855500193995839845160694121199908699318275912012686798111547562570527406829069154192656963882866797718847307583211273113639662523071987036897302113581942391139921855885681645925743187884901847030383811161885699375362615849982284985007208441419642262412177702787764318397852238544212468441794600413485380759332040514639709952514520110561031052211673447918404814125350005781142665634030616499046870686528947655775640989624384754038748473353260527399859146605728846 +/- 7.59e-676] + [-0.016652105311729795945592468866085468515875383071220650752998602274093819616576406348011768964837540658405013064389010906597208679988338210691945382155387550757907498876866851214511810439322351363085067377875793985796824584917452977028027567066397839359550594313613726281440649444296575287328146013373908007672326430251252195939087829191678657710151351350654928846959922273937964745804370601084717152642971460870816087500511630120614933208340130551719838341615116152420642533473728382120114910202733565421618285610959438285913320323145663145523918397730112956387723050193467971852305764352334313234839857469733236142848623715936571220177219538886031145413359595771143633891348 +/- 8.58e-676]*im
2; 11; 12; 10; 11; 1; 1; 12; 1; 1; [0.10614992637804559414071354306970111129683571454390752025995241784998013944278697348831933871715156118109596377654751410057847247010464821660371600779058842133631378705105996717583186387545410421298690586107661733397696129696111068163681606864957963837659813695771214451786792335111960375225577904423699934427465972519050372126972255449889178054305255935248951643599094979348811704075007066563983227897569441213339274514747865858404614383773140621164621752538876398746168100730298406880775829552638730129711162849757032690556604498059027248532745876752233065530640825495675101965507727146503279459747818901794087181429263069310073772114198091004009906508163622925126764691581 +/- 2.39e-675] + [0.03916112528125912310229779554185413541704613357709335332672873185995705034426480253420638099589384859510744388458998602788550589736720485801757115060705797544628033867393960693209870976450728565703672906296752391332419040752338027402121904392588089529977632539775188830240160188346293124526130630516540658406990615619776178346285298927800533413295636334526883052321925486773991995608455720454514336412433004491908954621691867665542199327092466400491490800786672606478775073201214659518315059103664686927560472506711775369183711662379778263228635070299121583701070969916080412597008971091599275939342822987833856245297447287248803399146933495714494113938902958089460290638070 +/- 5.25e-675]*im
2; 11; 12; 10; 3; 1; 1; 6; 1; 1; [3.08763937587982172773270047290190095659004306140198146491150788319987839308194982564289119190642126598899664277306124984054239082644510488209583960315765437422811960031197618400764950524515036109904386217880690858379894238171424551939151713945177296140737017701842330387990128042312120426733984698466694705116879763486448093805412331301175243632668850343595853239405719261653953600883088751925436904593180960957569793839348797674782277706418458519209414282803400204744445064889917072889231975401069283997959651113559347390168611862625996645562005359368155114899041946309078650994268347930905835874270707342903105124813036292622931812006049223309624513821492577267363755464777 +/- 4.29e-675] + [0.93287321724161347236221636911051481550972998856304974220485553005422240669298083776799326133551420312790033008792572508462375897601995046182725413950793153799205374610094969307514386527810042677951339264526717779410006749710455549747330827781881149409774582955141952555583968404848152226285770733010266710434731599885891867003517849402459767980156746138207414793369984685690507243682298537159744768592564798920939317489831338373347439309743827153380662508605334272367595010697867141897174711123526406339905107261650903511248628603950428310671772028426692129923279674609902007157011088788273675516098843841208652457910422050564091452704990323851549074230608311830406285000744 +/- 1.39e-675]*im
2; 11; 12; 10; 2; 1; 1; 5; 1; 1; [-0.688164358425878514222662884373215975480604040982014673855885257384907848540646611978251624479018531372987782109773840024397009671812643456309684002161326214486180920202616817001323630162542595825251962684915403625328560126318035500807926174314751330703571131809833718828989341126554892521588783728797696349435910987389973343503406702425825246745752398668911915988797886859347907666262820104805310200100148075858036341499873634985394344460346114878477950953613832506389903053748989815656877268954077934326344013005601003565525064541754015271591936341308555802446680497876684391881033967724375079805286970389464895888216849078464641965590425951482589639156922290203261834007367 +/- 7.29e-676] + [0.755241300517427727005828668478276510004472090700607925640969708144307049025685049881578472943472067876233830520972802655180946764463787345896518120444311943610539131877787154091736668167585467211562819668751568641157334479323070491411780504388483079432230812587263475742625085561228376109485260396445668149035437020140428587617737142558592348398668348655237778185981387021457731167172168865746138467570135769587504932945513429302123289453640498810456690199809401089956802114320935211606946113484297416524303275711534510299994387459708347983152531952432079893912129402387534747955356658146461485647858241492876392544783182412397392180684443146612360770067910628902175891264806 +/- 7.13e-676]*im
2; 11; 12; 10; 11; 1; 1; 6; 1; 1; [0.61910914606888360640651276210822329752156710299788816279221949139943510078415653520134973582594469528979267518724228733900899492262733489023771556188118027617905792967691697075051251352953087240842347428332643225925986209498891077362823406999196983469336267246956055467812050389440224895409289851625242403809507860769727004357112759399412935119644341523710149383695709723125178520138503381105730885261721163587837329982468857453201091644781675958904157592671282299944146703463459159350276846606720817114054030752474631702139864777958761935440950007205673464456975821390260009300777585001152940589290379550066097936519759669005586574809248517533694206109634204067827394554532 +/- 1.13e-675] + [0.325407197723124353542785272441518989996746440804436034178548711392249445823641483121268578720710957642617162972463623443644099502601414359509406182399433354291229939651482668620476812135940365945101403618302412729193105296510099450290673637222551523432131049394312453322437955074962688351565727519529296967370107420476982678914125111843489885793800746415891473997067587664754417218450697423042496025722597047560350284131212435513268155642206989020697978874524004234143746937536529309206873335140966403750670409870729070897755581563816517616631957516828103098255278510092818880364467817816557569607574405604755308806849502130154099752579642922648016498330446156667155839816928 +/- 8.02e-676]*im
2; 11; 12; 10; 6; 1; 1; 5; 1; 1; [0.15609012397565540577745529924967542769480384107570407154419924253629804937631257643039124866290331491706171968832482912602505952927310459204201179768250374078343429829985116639331748416261554909151476820237634219472580650388945300421137083505722038088012055519481130213062805950266231233143507298091154643500740983869487608043493322124335300643203981232893792930224428115229849452721573700802395867480541000652500378893715673749181439961315245160272627906670096710362167422640283488756504143688902803121747071951451972970145291874875487266090748202420300041569325510285773786674852840018306959817016682429078653623737652893598428648041431074998542179628414510454313775232304 +/- 4.75e-675] + [0.00758232712607741648978424848262172986839474566407342602979546924941177005675149630586473251495718215110405459054144917971108432039172801284758228343438428265708729575615171166607577253250986174078447624652254713700173128457188255437373395404388864282880699668192317506501477963835176791506836944534401414330922029633840415148353811591585518951928308147613183770262746638865355996097749799135160222066469045497694972613139615062122672947449060437956106220112637571902031508242002322469286232159903033999568739668317495858535124593995713904547628874035254034506833826328080740426396791768275279368628505228763800766356526793157982320190132114073577770101290981719076234702021 +/- 4.36e-675]*im
2; 11; 12; 10; 3; 1; 1; 4; 1; 1; [1.39860504376613180578264784523895852119123112405796354740348273950987475460383232559844211282999455797038270706313677439837407529376958552367282557257696034867840267684083271961474873346338586369954019206883784053330852523413313731004404106196996894830036989123229678591477708699332523372866922506332168389842738036942014178382534191946920623322180370322412117645214184939586206065248872117170572252844749553032883631175096944121995381978617076971211811239093218772884022493469310860269330347460448964552669554467407037285909311117003197317199084006231869717299859430904732881170901341312945153301930417283374918692637285946265641362841948143246021255289546818450770129497087 +/- 4.95e-675] + [0.181964455711104026894672937790952882780373493775398312631053356703978862256230222231633662385380785158284611864023300862068185701791434375766854463246324890327864921151563853998060229531480435498137381271200140281076697675664919407030843619858299941003923820950156498270083312937112421147668280779512976512385237474867178921836938675229927335085656754875937350855564800524661380884245367664173638154102697562646703726128358775278503695815539843863154934827087030649180884454572982208394222916848613658021834510575487372502207803828612548400199320337674896467020764245688035789238473240391983746373495672303505050035566217280595082769769132656503651866790090130667987090477105 +/- 8.76e-676]*im
2; 11; 12; 10; 2; 1; 1; 2; 1; 1; [0.348039607378001973694893542846272328291028170472417157198921071301001137355597184226272039610676945166630255773497960921479677476895247488409416446126305110263351014479969825513204673377541859705443932108555099824012346044165794808648832519105335363084071276172905083095716539766265373237757334761547298531797939840844066535171904433206963182669208265158606256879935377315425652116614710409512226973538872580469974882361379006089498359822589931306675555256097159241224246880320265468706348466846666622849162910918319761130459218447233629879119590639797577216470297912302928053690786030717321685714922457904827957468016694022531414324316018002599008462990403060051897085716933 +/- 5.65e-676] + [-0.165743120997812692358354082702002443263258540281876352697798313832694222705916326657319140663670283850980897968761727119983518672982761993080454221595505337531346721125510594503638289412571629780046704768938638495095256276971399356909452784014933014850876183241843807844808511837531010545726553945170397481034081028739166411623232210984712473684812715379518043996812761152167739862386706153824761627882633542657365152188439646453315088945768610677331451803179991496358582371038823529897185404695347168604206063034830106847605258503896148293235148395978772012277126048976495587796014987831625416075347341057462147426509105329550227610969191876498268920225125836548044932733140 +/- 5.01e-676]*im
2; 11; 12; 10; 11; 1; 1; 4; 1; 1; [0.644639167939257212940513889682067143914914197036926900476948596183607227234029985109543182012398254553957630458262990213934862129672903028061526327871348812701701041240547276028002074578098724246143598394912956046928402408176792206139172080859410469639324341256411970707240961342219118184611676304887549112747944714717909721425455640023486663412151672317217487082394386632730813872489146943622893979930839308571612507104615334761503995368968380084526477133686354244839928895806122069199212284325727451293201196848246791751450151527778154805140740354529721299170823061599769106388770736069843206934518374058499438755769803827572883051984302965659983670515233407821523107421393 +/- 7.21e-676] + [0.213546408885505809115775715428098197005546945041645593536764526790850785065710796182995860156855321528513226219654148950158881222967873404693970495313083548024100278275188840049261495829287410045419907638849198311021978197659804777344719610173977288358350606103021449790010076372789597534456836710958679707545582256451846827362099782123230234756073400313708248411342212226954450125257059957319094153150336257040813795337920396996654295204928348223123413536454536309325227285293751218204887967718229238443936442531102833613776622377760128345886027084474002833313797169209553361544734300357259645362999360918032073594329789053389055415445326833064144345367117606046934041588392 +/- 7.77e-676]*im
2; 11; 12; 10; 6; 1; 1; 2; 1; 1; [-0.067522169811077994993681435817980918157176791688464892904381359477435667775057411160255809429412036799280931468694408743144080488702360138396230197905765586583924958330871139541263222213026356542302638391724297099806941468691930706858396467410248862946749238966827709965007234688492923019748459220096049977893467191728969001463175506534117610119746935080933401525421702636403517150008870716634485286889335444615194971108596068129715710887693958415418777037725140867037825440295058811135516123520682428437486640055797972950797050477556838461606183091361744848448333131257000561902827213088839834358327002750385967007441291153791001187631398415538595245037552981519934883786039 +/- 3.27e-676] + [-0.031453197657055238238373463893984557332410613274607394098017247869746698368839479474360963745589965175615008548016371888708366801901411198649384751442892345411056623223869203285656543638284849386484012453862967261366301780023606927399076521801220894533991603495055928156755524955962506831874713295398680359050578771543484387617512136856388608257182283120561204276566957588343309603181176608372249882411110120437445605503565982706224309547174400370498175123089855238032537159594660721129933351412849435850626206796798384772838345587709612318004911712986655558780179933814163809909901512548974433148651436260266703512003397767648095517642098731588866122855034326190273355637585 +/- 3.72e-676]*im
2; 11; 12; 10; 3; 1; 1; 3; 1; 1; [-5.816057959556942948938874525050451280008932687118234474297303185191885109127933739646076070257680355287593111545206217557020994689567626895961865904414716111574884374651045041922432762904435173913805689138003952454812843679949614558565336562415919803754917232274856997977576594353307860197856008353982115536376793175616347101116789124726421716470559724649876789349803932624675772945042288638550126920750117244856937446771969599613465386537868500324644787500464963824799539263480121550058446901459030100672237403811653638210816259460127080314100387513378077578715343545047239103811020515199089412369666104717575914994605343967615066224304165129664034116399494597017996093885866 +/- 6.40e-676] + [-2.940697024153828874656719293193916963757874080322356360062826598541986967002373615402809545211242451964323193841247781030657401402492841533744827788499764171577448244747178734854769976396509181186431705215787384701735752144312534386632145243928211855482750984370487735602675776337699195398030751631453190790843543854173893242684419241530691632933650762983812005512829031816694826199388372624036177390918602859039426176409404004014384584882295251856568549524266106608940952820876457395332637499762193426025801668799635694269502937721747974212002279972579043314739148641892679136379122947529190070591356517748349598203230542250260380195881002518560919879922405736133084092718209 +/- 5.54e-676]*im
2; 11; 12; 10; 5; 1; 1; 5; 1; 1; [0.13026116815478829641500280149686692699896709390672038053848350427612463145478440017360408112649029024167263289321498229735026902587798903434274807617641504827673109318505542629583306398743073952370144640408019313996628303132043572819589950339914462029221119431003621495134674622008795807826913365042881515896727090848783462364187340967787776530007687125252246165010702412427734741485522643866432474359566109969592734881752204300549786795702376340392944099589436379791941334433699093847892664430934102782919083231196169420772909552633054643257949677671840353906336087203124238947927477083609459612310833252479820797097070561796485511382100092320816115967027511334433242740506 +/- 4.38e-675] + [-0.00800747954460424591576391087748895590731590445037603131695634150310236015610612741551795114455420301998161022935801222268073308341337901636103214452370663101987566700972366473333510494835718177101274138603606666652286174670090698812658235790294107084210423833530165579380229209967427066536843912152461886182108848665116241501625699777352191296171511220483867411415800604925150995224776058610428654321210651587607587402275511510298506384110622340105052133500620206132544575462719526263799951001317746097097616929659621737585262841261889050453410767591286900193992609227293676793555031958989270886502737574744844158355572515116319331273004815792581840595449644757972670018489 +/- 6.32e-675]*im
2; 11; 12; 10; 2; 1; 1; 10; 1; 1; [0.508282067727440907707526201661069439937518693290407056455580189687543681452835700000724091523759250122120320754787986754583390450381813409927018121080926314957173268719212949091102480905941268358753875402613772853045613174292724496800939139702451523357063976065106310588220164464633065084331605171987732435924859353639476666695379387060007559482544259284158824938023809855774063956336885648954093339616025826097416797336562263744178061614923709124829945695529404860655580059069660710627379193921250036058129355162761057898483688192740277557158400676270660511574957256944607512508805993581410819928889687249505937258690624073062893602621205871753666697867305499000126682640301 +/- 6.92e-676] + [-0.187516830314152422932386668733259900774235785601000026240257929000338245421826371044386773584798338279496249454338078767726830926952888126026693328774542631386165210099774091253058305898091513839953030568885504063691323346315113497441055975921514361902687832871909882832064755246080103282740011693062302271605881233848798545772079632107543223458312347943206308721678270884043858432183990315890127602771007077376596154977566873418848367573253937175173435274906165900217823760689982045697670277983904177393417068608530735340285557184401558134132657806824594705796656508721634583390702628803998224174895533921523714678016019506977015015012039490370249537534232479357711280751362 +/- 4.94e-676]*im
2; 11; 12; 10; 4; 1; 1; 12; 1; 1; [-0.90489536733648039843054115618013124051655133408803942650501709671832377124003880713754036329302944320747504468112951972434205838473552075009413180200688867453692780970237353201910295904340513364087446870992244173127056669412756773098514238362011281505440408793496932754547689321317417947886542675651536219718636714073788602276924055688128173090488613058863783725867649788495226058841373656036088272243425521162418741871240977482816417843336186844571606788121393220654544018580033521271805387174157276501943925091784860636107777055013287604804569123304518583754975313566123386325160460367251239376928937755764872383745101649714065360559742738757659480660942228142411505515865 +/- 2.89e-675] + [0.256557979377545139938795955690129091938739996537899523891593028878724273116097560273321563823889477776998432652173304407953782876295502036696916736517658121862028344750242517364682948427613879879121628055091431227515123851883163291012844958190154120004963590034145711451914758770418665131839759697446801136118746015033649610683312383986290820624356280772591365602404547812369774486344527120902535269801021988562939667124464861397702161827066846920557051075138768506527973073342794699603339473275781140380345683906023026268434875860631897350309876840008852817423291639118400179726827224901730843541496570257837611136600006696845856089607483125247076174873771732215707679804318 +/- 7.17e-676]*im
2; 11; 12; 10; 6; 1; 1; 10; 1; 1; [0.03341505073601013421223961320914875515652739026377708062330546761537394988447359836593684408063423013836161051990075899500595476731761047294093466428929503313907897435976115805889018776272431989151314232161569682453627392352028372824728325234386610034330837652509760685904240328345845154628303404824814201502038489968706108144646900323893900160184599449354468160946811006995283431304810084583776320564484896757580425970026545827307166963952165649507548897525148252720030516958382112809906751924521750312730321469202878678532590524772080862783463089162624140101960899462912531599327238571495157236638066372458167237829719657522609392279495158214725658870444871228126403266523 +/- 2.96e-675] + [0.019441448174693713166335288806529113378637303220686650799403922422244114239785487438608657840742279939937999703887160783500388330762893831218309619332089217203562892866788546431466185879946610046986769272746506038907270553830833865953316976142200461212364730999730195561171138558961676775238412365402190999418924912712991262008140837618303368387808971759644788591618225673204565032542920252917221984268590204082786879566571455747263929233581148332407707508877657855746061691670533229687431344085893723372025029272165673020825596000249192787909114776661707323197474303446520492343971483771827085583395436102799455835975931327899992520260767466844501654226031588949777903760561 +/- 5.36e-676]*im
2; 11; 12; 10; 7; 1; 1; 5; 1; 1; [-0.35531560734368154840295007409322262201123213691200938104218873794897597077433505143010682618039514445939465638803790259578915832219912223931496885820703574894411054442609262947232740008071902250020931047228606986174465562917251420622730142968492475431447154429369817282300472105469552148540258472942520971429498309447894224203043848415644788729282664854412546423308010428635536106287075197470960893929312117060185156969562654801955053966924868334216822644383152135875429751027638544361064585960249130066787604871887888134196841741731391995176823842315548627323006526597781484694797909752480979672551818631558106963525863560888579707468821493701341004559279788275975193987758 +/- 6.68e-675] + [0.77211564787039812947184580186984475962016566520295300444631117388693043207995773000512176236933227436561008925332077825727550580384576082842862570068079840850849515363403547845156285489040028539564881916930640230116006747874113909227758709320849466192016243318297265833222245027664042884313105546146206902615144896812350739750146173734351203244160992046549611990016412712476042087103030328722280882642649955538846009008363238964639315426547706852376421010146726809573430175064091954331818104554803532227676608316051185967763826748321898055281480087527209727118188832147149532907785472367846358577867291404172308400995394032558944201972666390798312443071677189776793549965533 +/- 3.02e-675]*im
2; 11; 12; 10; 11; 1; 1; 3; 1; 1; [-1.158677761802448175376078182020112094237483249114133229841413336661778428746549759225918734852069676806127856216436663758565434934088751412330311024199078530600443782646039761690800442942541828526685087968857514012780725093808545967814755848891653483244986354507855411234270506421513981776492530770788264970618127485374867243022934116801538259623364566327721583694001029925790199601676916509539420758068233591108393674622072015254232406826460702652318470162906489905296410442236698228823818649770098478904138911069831054298953096144840502726698816991014287406461130202061020120704032260361203083595297443178686523929433488229627771057334077362588075096138258602924464432803823 +/- 8.59e-676] + [-0.896735802332050072247946624878082430952506602658111966514462033370316344253415045902304409294121245328078332382297896328339419119204170511535827269566566571071132497406449739655462944973237996942497732264051976138186459316987970834232213763683768183447950884882847749886361497457408144162013320096863729010454917527338090537347317619332726604500104250821885313500814841774098748585085410653318786545310272804534592696952373074342190168613901862993894216345884554650133532593244703730798137509291206568801494989298051762837771156317513569939578148047063186566020365929921587716626584855650975876455565859883382884306244226025054522675347445488526955933855267376048077069629097 +/- 6.23e-676]*im
2; 11; 12; 10; 2; 1; 1; 8; 1; 1; [-3.289118275168250361650304811062174396254164978861387415544814400925372788709415256602813520525775200785438051352908620125676390248094483728244466001274072405819681052302007356069403127706149082475561263292607628478853743336915255896654564997734268741256494921320066413877088730950175051268197876107409875028168110597813191476563604679072175591705866001862903647421446795628128605373594250738446154953021888128353727752903429714909922940429846050712704949233716245746027523619957216155795080835017207867256658502619273833207939509450683806777160069370390315930627168008319694307827777931267670654966620649335568588059223881735239179329126317298529346682001766213150586495978139 +/- 7.03e-676] + [-0.300568836025007285292668232830634781309710784005149646571212823164793617891029868169427956640735635426029126987795116876784112435809817498461847158983564827462340131547362166729802483204697588208155703700673763819196969735534210916940041801510836246363475210438747424115199483481190221576571348471749851094145733906555822631772817164686637408647427262782416774475710040509147951401865661493633429939009122846050759447644351983856954200743962175968742800551696954966841209170436000832546651821247210436841446644386628315034183040014714076794512261695117838794623774014940803608874115863927040946247440435449103056008707132636251073785464754379729546686198512648247607623784250 +/- 6.20e-676]*im
2; 11; 12; 10; 6; 1; 1; 8; 1; 1; [-0.879971265093803929504348400859418897400574785353579356683925003823740907670562294583164628407891147966448940891227533442187545212140127520523287593972984830665378362362066348716812948091219372927058732862426574712750151372404127681968077805288130974982925639688554530886350065601517928082416652975037314264825157865907870551216822226902960320084324125973735738154853713326235092062175660075550677720514513103676268561356280710315201429523920198100220217162237052635251737681952891024528435990371824173993358980387478521694673500733354987348287343286067491842420414089614982489835287562166170663566174250085707926505880067624793428054611638728115210747105766889403375382104437 +/- 5.18e-676] + [-1.288206221697583890894108644990649817295444309683735649433910130842317976378794491370728694222565888212809077552134653172575850166903491329833074847191649443355059137712341760190735901828753690874198750284524125916532906074090859255140180773274948396599764191307628284588601914277402987501261506263267823400882811686268106314627505402715651688070995549395682667310702160914889119450257659038833573199481113090128590696054940639272277486908045673134070643887733630294234743096830527694505457334963448062477085800522384420118162943953880043932595928032053695741667017570448315602188601601499986047807845301312894366079989790810662215324900129418869667800045506861899589898026643 +/- 2.81e-676]*im
2; 11; 12; 10; 5; 1; 1; 2; 1; 1; [0.034896106796517767057555963390087754998288109516495052416206053352623370625120760150467119562799435608072727688103793398337829860464090794562785110677452852971713753486596573383133499286256432175669841862096975455911437433096217676712869928538638391403720878622057779619623654856606103075884521581151542556821333784710928700627186263209723005063490359880407154471487987527618170514671912450800784244240424357736973900631592523619201506447802709765372426337175029775753713454899915975239924716276809208028315661345350505936495108463226155307230114330942745999136061832591886574202332265544187152375295666560241679954422264239868000989974166878335157939881155461512265549764535 +/- 8.75e-676] + [0.011796967683464754592075894772349586776234721626649070155667076370500444498455032308297062216120242599839839878633895365561736761881890310792314558419806119473024753621837907170538997065131698909838552008503051173880871884094717176164146582367128919285961591864856215356667635777548894311767412836931186565919419032689866683160671757562427298134163268484364650073301034355671057240574343246953788970559627946048277238147037226950143622251272219914240392945628360757026028661870584018007749618444079397721552541502445789414511879340546884868230143602148681704662969381096502489471492430849031449339414044296758236117949431645143890065849046486069200314565335948514964131236386 +/- 6.76e-676]*im
2; 11; 12; 10; 7; 1; 1; 2; 1; 1; [-0.133160127351353122473410750876693443294732845229770168656674347669841996601815267871082460029345846207515678215653662327267330065073171298802233987185947340934155466889780874292537007043078251006484812170327409254236896669314388856743563324742478638708135139614998903817794423826769387443803263466167304671756548125367968461591538806635850439562359268511826184517170888990110839632931268263300619104646977713054900734609502052327012886410743719658413775505228423499702982559766052640211375481711487892655001539839025180376591862287752106613242604068748691567890222571546489843546517683213557552649621131990209706786486289812662159277920522533420402957112772603956850306624860 +/- 8.14e-676] + [0.124577819742808547718498572478187149774306198172541045554710788953313794850983301637776106450639781471691239687023340458503192191893935171072765304455335222353409857275142407797982029390227766344449599885147902689870090805448089872344987681619820349052099078794088020576787959179062847980869167946042795460538555147442045276545406250834449932853236966937040081293495523318132966285063309206173962107862935237789215997957666960843465480421414648327632598179477036565957026180684932473992018636360845064749957028907817354482233256391343211488000007131911812879877995525471353577695933580149519863781350983901520795292816540447039586162427626433453532329814101999866622489324606 +/- 5.92e-676]*im
2; 11; 12; 10; 5; 1; 1; 10; 1; 1; [-0.36689848791060343546921147711643918675055367940997699494153138862937224613130196888687460427390111717581413813069983497354951035567273062789028419147528396778679254113922621383610959661266071838248651160790652290032144709542296543430890172653685806154440632016928481964594659009551544737994683232197057632603252093799688632320087713162751200641135792858054176376733437003574895873452212128156150868702414971834769319211382815513888217689385626675429039244443055889899931706872089130160210403217046954331381375805500074804931095913930249173846175410188032654532784743922011920170462013850084639976010495688376549841313090121004156575637141217601868852075666489752567538825125 +/- 5.83e-675] + [-0.16253218628508316492921351389142531617536969219198457511782528748750215845260348575370343163924067521065393180747538196740790326727056987313388941059713154958009403803867935712022711216093937482273251231661924136661763082159900604645911544316977542093581920753211740194783816197486208859994994074517238188998622936472105318829998103703510201538890059307387827656261495359136290832497691972783887659713445814049161682853863552628859796448140166027357232282982734881855853487480904290811423383368741932241152525049706639158306126901274993673157489125587688993975263461061410948428373986678405045311423428133152414488017961177700414121288384883644770242532510373468347372634137 +/- 5.08e-675]*im
2; 11; 12; 10; 4; 1; 1; 6; 1; 1; [-1.227450703775943290401510267915832534965853773304710501515248077315048837854681563654447019559032440320544580308190738905550795175699643168197979087248110349196351888903370189597481951105720737234205490268733294034670489478459721405635362288774706364367096117613258901332406115720551638023883470721516467376751029583659340022397634886564751261994556505372929230972041377882918198593194294187869954811133932532664891450123275660207710854674894963168443782152716996123294799207291569171381313363745454734948253139734526639369226690264250787379776784628385806531376060496515894195089336600877434932173402375220656027838172532011041684140214643021419413668346197524408052481469923 +/- 6.42e-676] + [0.180219210691759261499045209843283929802925996459843748537736154083753153140893251247570125645544441967751818331506026327588395252441054872802720555984837821866274093847729262415220693649253366075702523015407493572538875891187534201367152685577198697452350606478926798024089390708360417225153512528103054514110735599767433620882782871427151427199323697051071730136311710834621579073675349147173042571884021475323832982209619911285864262625083771484338119431656734155483207490883537794305303924977058620881595887521690163079826655609366310186271033627502265225672741197967242881301865146803545466095397891159275391284145005116057902026226698692171926154170248111250436125906877 +/- 5.15e-676]*im
2; 11; 12; 10; 5; 1; 1; 8; 1; 1; [-0.670687126962325225605995706238255426097663372440113089083443522061627404783299651903473130973435500393634915305576227883400979254360479064263699447379882989557432099194947326031866518046540030542970452114958184251898946613964445667399963525381185755458427006939084468851517779526842487877405244541902005329677282783789837219906237598055259323417514763932683232889534704673483070828395471842414891677710153965308873734178435430231027181433081885681610267915242839407089772256671607432611165057084336955254367860099498619113146646553248873449897501828482033256204644320315637069308366448853600400061969435276711051978818673608899340162717677949645093201779781952797702313339642 +/- 5.54e-676] + [-0.781519555919426722443990465521735885511894384550123978644882516063888076250059604256138119903134263431576368297891450593417591296806417362091186461703665977739484397709660404888840860964406191851877683636031353844352133131690889626728554880995443567985782556515974092269091933547007517218879692319821897930680743123159642015832823820008174808493812226855138914797418320301769558781824344863188817157202915647648157105407331342328661960916335991062747132499984557006571236563033088580548121456999477613198163525534110520094853425031845303081084334446081486530776971559678977743443821591860203041325176338049563450451204621638513584230182694524927977915302817387531279163007302 +/- 3.41e-676]*im
2; 11; 12; 10; 7; 1; 1; 10; 1; 1; [-0.50847499146657834808870734442951939087749023859722250400793701056342915923921595550880588604165088413934190113789369516275491153722589082507851268473719960511190922779324110888558820308625021224864480529800164349198773241899159242973795868164754135990041571037450771088199907914182317573438938503176967908011583880865148122623970753851480761569123327762014602970537699890519193913236856230216192545888666019287162920754546047077730976691977484603004524971628532632084025738071342476431110753263139052470609803483731688774882024046151539958359726566340839944197713431140186558571985489765325390291698274025636569871156400739133212345168725817239318186705859196104589288501624 +/- 2.32e-675] + [0.39552806054844772304573015289655443692075898459308158023498576645067968216270246600743872109581874126753086281823048638607864458469898541262433124813694214765688709874463587664086149018177018999078983810775637918503994942763398991536133578740557177029679580456444050415507602566546679435272239385528604952116425481342934025769795231282802098698732314337440301677197510325852701801108944249701524895845267002857710078392374208037502077994195777599060999759108463676147621266798577106940027198204223309233735606815865634158814913796758522679480359572466592480811378972168158520427617761848774141325141211808940337923113379403919402578476485907161076147820456295765505605277154 +/- 1.53e-675]*im
2; 11; 12; 10; 7; 1; 1; 8; 1; 1; [1.461588102475815297277166940027632216394113871788083646206872546674371322803935780280157199558049310796525437472672759713677133334372228079705950050955280735475988474690863953887873324572852057519649558211185818704746282060845408617928033456125249236409720294787122349203918962918368984403355239548373159744004820206600025443435754996964919187782393331776616774914895464938409921694573420256819124186567709450094344291117261711811249351696325258312062650530530689213654422481554946608239130453654180361718927949383748081257483731803992345964290374567017542035853127860439648752019760493605670073990656604674374439425210831266976219795168573140909226054842632657172282503556569 +/- 2.57e-676] + [-0.321533006617819493360377731965860780371575740415957403926717366294607558006153531866767825794614768760535309287508259502272522162393008491916383612161875393166765917979996883357726249834929224387982113033847474717160223676056681296271419098800087339129195828150783591912758021773961060381229899078638793602541974991007490374100353034615971683503913240067821839125640702189327993066109170970229381605858177064887693373158803541956939923452633556124815799113988599198897968451501658160951676594022666378585322586480545113591159163262337797930432848093691977662429090661556504945052626553715329373502355148382250595995360847450930423160138020292341190807751967224811304904021170 +/- 1.28e-676]*im
2; 11; 12; 10; 12; 1; 1; 12; 1; 1; [0.39733808609260338445763786815840892416508274909829158788937946247461963787257588711862362195833894184001767508412754634981988372970087262970300010358421357636084622535946494835703171171140302873473867640158445857412622289154203791566421088309886845511919919730025729784726979291745529481607027667499597235734817186035027222504993746300390272008592570938151435793652442713133464261693701802142317940201740349005557521827810541473766459672421508712980888263321371170422364338543572223344634554079675163675106010124333553743972296485984577089244857258843426925475411178866559893015141618376113945489116871970037296327444380809272045529926097855729061864357616380189412775571965 +/- 5.27e-675] + [0.189219999920181917372318244197500944057147208450320269897476709781999835135492958941884592961112572447127715704604037614101293434015022513700660323484691038099398235677120755656623723614286689766963019074407704328846819654816439845338652410365094653630542720540993051080667879754307640956088271650635913817039130933736766642364067981699627932685942641701831559572101318471032119717936925495202738970026453801980570564481757104347542268604175790825953957144210037022829320474166035245755581465923870921361775744801195789834256406510680678003343035216857688861397883347958352432207378753169616870606973945630492631059996348720382155362237193186190749382700039771572996183151320 +/- 8.99e-676]*im
2; 11; 12; 10; 4; 1; 1; 4; 1; 1; [-0.29199373262169080049220463827211050265713088328323632202496442973915494284907910161209940803463564642580882428395402449270637908144541170126732884877547992089639752760154936938304889190710766125918113335209744010098435169030324080707045555195556147874655670859373215982279975063702658699343235801435270748435016020592489729968447848281413159226590318108332624553584902204613855109415485089804643103257040078390150449363431241185894475504556999908617785780422809821252355161540214467068511787147808524926064436273564166701852682660429270043662524585499445605636333862634195456687488202177689247277536121745726406809872247151176155181120162280995334180544593093206904535761540 +/- 2.01e-675] + [0.093474404127861922428223520989880441568113611757210322075577241502127637271558450488309274264374223114135623770904546451465075845483854652816028617529663706055647731159022921243113369428422776061103653586479163091652862384561554484487100921284420979842499006292556709331778829926718583399611079828782760439489491305114531127384049989255570410201570253811451101278430321863594822090250798165681268477758762151273608690995142723468903096705386213147461561519113977140442263508190861101902193025325721030461500588924132206886358551374936635636063222499641831062200633856380538548830634807973513655195979433084618497148173949751260615682742238568432531432194505934584203043010215 +/- 7.78e-676]*im
2; 11; 12; 10; 3; 1; 1; 5; 1; 1; [2.98685178478393563108636689137158834565711223913141946281227150922914003736950358848040066162640274682969829880849660935351070590814060903744437614619415473974440378241431985292302798203447867458504215894930332456874826744267711815690535201775934755874067584708356318203737294593005770603384485895822657359235241233807648338671358217415606088120368911954373716362818323522917136054602043263423672649075360514682711192829527628234428265160274371913750430582277100665627494165029244555160552257225022539882604052523278417100125450022656861442910877948273501480362743719994844796273297342415091982237284570009037331451973273279827421941743152077757688876091050679259969476192912 +/- 3.07e-675] + [-2.36107251128454650442333234316199989741224932484712152391074773304330772198413322926265373456117499832405353174043427690939040120986071463855550078202347901065200548504956266942903366423579548634980291477583906454201389038219716349052806466552967606756749371908781458840566321956250205611580657480983372866604042871139526418093714919488174766844801953775355175104911417641453587442894053036978292281581924320110968698818895033110925907792628702282742242973373957923435286431267145476544184563684644008041557560636460214292972686291058947420660519540044061353766879481620602191763090337065281033718537805064429759121116984997659177049624698315029094203949862167356040100175783 +/- 5.37e-675]*im
2; 11; 12; 10; 4; 1; 1; 3; 1; 1; [-2.446976263061528659688687891228502009626510472921859210520409956299172698387068663114940900811425481686570954904845704432980235377761947544159825783435726574944517942752617632614920093961255897429608758835265104119488531434015565717742975574852690681819524205131333819310670353441532939039573986951313575150002260118424051861812677697128812340412389086033787527809850454099660521165812160925971502253072546115861511909638895120854210096900716842914731923450715470830007770738741531607741039292238461197557852411757787299737192872732860660889178071823462726661815086539227219522936054053436368794935853213657506011045529557601981990267762927979853321488386107078525995688122134 +/- 3.57e-676] + [-0.070828985389556181477519896276757272603867529540728687938946230531082523097652369243725367472799278299470822152316757787193819816630927949811562708842873725603145351054151234727490547159718577256511741635549364365112057749969759811818135985783113749549793975138059300948230631177700376670606717805889897194544626582555695966345450255651278811058937735983327230879822615851556291294029763439821377433585781449253618474270458537482116202349129412136703821481050877384149308258725251544888155057478213004312706197310941952218626174587978906824042565513509585889208174826851998454639135050825197003248176176937568055004169256568910966479307973244023679769398375095586470057273130 +/- 6.17e-676]*im
2; 11; 12; 10; 11; 1; 1; 5; 1; 1; [-0.27378787824721557296661919752311076199094275981467268402072897088946376480149275273457338554824089085294493203808193709782311076680591271820340103295071602706017852144601136632216260388797476504113487280729890510711555987897420070236609773887926728651110233153671858756212336467389172420373980814170030790570494594082790781390569605825409584365167956034872297400316508205173383110322704995147918628666275643233991971139588219770825149576156828184996207319181723433403627329721489290766351000826821745613752184688504318066243912654958845296320935510240744452120443083473230991366582439563991398332041874958545669294249277960475565924494224632509307346820271748131300548395810 +/- 5.53e-675] + [0.141981994039434758875640614064379763897993560982860647498216506117858954276595158482270456725163926236432899079338960859372753184409590657711234564806889053445366200949057330005702210398608102485350188947893726958732530065454276777063611144749106446650591771670281555316735547371364308205841303341158207887528141496538753956278841165498506235973079362674454418776930648744611642761663858486859006915624222785141673549397935169210577237102302183754887123237218498400896807905904710843564044181197688430493784791331502732230919712484343328696291727241433200401663012651558891601120226638312278641087869147378014834813070671003075521391068747201562664498670717185465895490808251 +/- 6.93e-676]*im
2; 11; 12; 10; 12; 1; 1; 6; 1; 1; [1.03242417126149590237289747566656010896782002785041488901396442280128876094297973535465083413466488807556385241461630780208768585061138143263097219360621393463657723670419009660935360531202627390211122559736303046597880016685906634992512248897863504557163777932720086840790022238763978351397645035692636969924406365166391881422736104274307958845439789011838491540713927090272763600142542080482171799960822412995336713065115638874932501405823775343485929577731167316484063837351953918208417013533705627464878467190274267916740292967756550889824412937128458169004982335800799290729804053341347891002253997100076067345760188210280802937019645098721580670205999581487143998286715 +/- 6.52e-675] + [0.66895826763123027644354344134091293053163705648959191772379800767178958769379543302758200595031870455115568788847954285988692307872628130181233136028267765278635318043012671593815123133585598240751662509107625044495264953836436940098894795428564149691345617079350300210646001874327563787909908888504083778248244741767139228644310117543686118791818327277903750843768609175300535416489427014436199516796752459245513630944198518904253697486087200110579003263837412616788652630106706878568108569930219118853322947193409160964020260377831617188847434039709259108865983588936291381913851401637712296333758464715552647232626633217606218304021824322383894091916462715595248921378561 +/- 5.32e-675]*im
2; 11; 12; 10; 3; 1; 1; 2; 1; 1; [0.637985999723767960851786783507860083389540534444348991193780286321719789393927451619016290283672395156583206538504630512535754097293462907940680227946283937502603122528554447182039510864727328230940904615524501702390785291972473751492191886291363428906123981688565983492598659637053602523744738933633781132069894805947370174445499490248431838864618603888646338397229671294681716425590220865710739770301194698760963781693559777598194863123844094871915939506869171544259625259239175741053293451430537363828052423347117501605468608681404328798356656216552920617609223508504735897449679178050880007927881423972290322723255608648668469528142060803321692207755364116112842063666493 +/- 8.44e-676] + [-0.184506640770809165435287248302667845651463304204535053243624220200535974162077599580443246622113468469816645666787936060531748779771216557582034016812097927404752063746993655862845241344230862060881107667778078700031482999807737649676895199237994005022266764223620920178231560779079482170877216094476249545479415020449082464096042899122922192201501984560959552818429477331584101468643638959494469952151746389502633997956658680716239576560074075688574049340444850158002826433444778266307159288190406019209515163632001327155292631750632035587254435030711044556100598436097916656120521733883368830147810222446716256496499205193862196239092838287596798230337405777461351638315167 +/- 7.20e-676]*im
2; 11; 12; 10; 3; 1; 1; 10; 1; 1; [1.46952966769350415184660408110347760091771688000324727726226742674470851690352641622670030897913988243125085750269231247327163790889752551682431526344812175159704299236932839291386289878998398404570428623523346015744619658465916374593944215666063853533078511982859043773056984681523671894858145384099814016822037437753598041377095101537375735868466947331943657484872031099962474776859134164528349787125124652704590269519469991029521377421928379809479252739437624133227436952708854987694353238624020830680661686784532859329906514934595850845785203117150781879752880781864105725698413792517851374192339245973055517120209897703271554306924904514981384966305776380276755848326850 +/- 6.73e-675] + [-0.28339758045349379818042699900386732876423221741398670735847935827497208892091699109490158500485950287154485138963973620492801093716368157243991488155959445199624652360128486591452210982917310895892229132301839868877299932828212827582975200294155883206873902453187864090876595607310600011307318172510409286181850164254682834154109561036756175091949711400968181637815291247981328480601240134148741572784320333412122662272779000767802305403517607142749254836066500852986305781716260475181900948909956683767486127186193613755269473600276009818746139951955853972681180424888557116767445778786992197925488822874120354859562044766032783725036780321432931511596771217937404100766269 +/- 2.08e-675]*im
2; 11; 12; 10; 11; 1; 1; 2; 1; 1; [-0.072474536867997965108033947524437352676151372691168119513370766278932045553268869865091546281400522204572910769239490762645442037609739618404279088392737671287664975843608295063427241914776624770950044151811024442343523437553843216774154615026874897135690090399821881227507968705141610565234848911133854595670598769763179536305294513028655833126661255474705858256482727722843812187221477213311116102683409344038319033518913969647836031638012049789801833082242316862095090699175151469434481511911849118947857322376364843398637039622358680427454638971751266095770170833679528050066921550732571466547180149799234952361583145880140478249347079636434279238586500521690630802970464 +/- 3.57e-676] + [0.0066142153120855920773092123496553356259515482413109172315051521539122269542381652366822506119338595733443557438137774357787000749626995788440449260834562652022740696998477550598908487569404036705620531965869379671327956616940453988247857198509170574666543755769703907925203864772571402198663327259762814930685799707682957401916651551615793809064610018577611586424336137916905279603461179726397050066894518623530624806167538939967793774227059407153291326487747587328440795882543468399463216489774478142912654591715528216490497397363330578991947019215641882592641148214866119826280652132473523732539907621974117455974443860558575860951803327849597860792975923776768845262074688 +/- 9.20e-677]*im
2; 11; 12; 10; 3; 1; 1; 8; 1; 1; [4.003758902069335863030681455376576643861140452154662503009330229447918809999681838068158386602589871919824014145400000123932563534477046973398085679889255401430772999661033284817260820030906619505465261371642735197009780141571029470065974303393868396882106915344214412997662201675956665241900375007957726768118332534893265988455572582158592440424129307480160320933905141462212829969850252385806990922821362674935895982072499877818668630853619637781174067497856255119828546410352262324100921636313100240200306084044689589506622529438576096073154702780761256462102489122716573349372940508082638326999842923984161694342419170565417422427328976465760332073132401419783100645889094 +/- 9.08e-676] + [1.039623740480139101805079442112844174507047767866127689425836571469916607439529060066966862193917415750826032739419967510403131353934588800586751191876675648129408162437923888692278230669163980691520293489146441363546439977750528707326798061414109969795538554159202123973257937218114097501824777582577442889720346845407710460930157719984161258479259165454710939442382014727510406586731766867742657542046143238524455618461290260601116354394681697954873624979977719608905130933668512581168553441065265419960815934704231356378175276379303615666509707464392832367996753958237785497479438157087821101795748164206541386321616469956433071613217372740277727832804948860720247143353194 +/- 7.48e-676]*im
2; 11; 12; 10; 12; 1; 1; 4; 1; 1; [0.15094641534951607868418273556739049123348930201374953939812758978632868949609033927637891203798735816203018147636553506677090695358335009174639093698306942834711869574638234283317118131455606098491617924254499076214483284921987053144688027991091707827953728473701957078131324764802482877484036642287328458024266071489754716920721108485377242254141747477734531471074152630654227283998232450879978346922051336367656253701332666610917846511505704130114199337036552414997484902025809542880764347224139107688519159349819968165389285590102461924163069069704724947312448917432045658449538618005367519416831769070084627447594582101329855830260523895977401327772107721986812500151449 +/- 2.05e-675] + [0.065767316193676785178071965682609975894786970550137918500657169529106629168993404208687278676967481039918063819910237503962330596733048798412949533566025484715109369929724541729443248190705588840681862738181142347532481673031915095681675126513998333753715170752744522583400377702831454719624121125764977375499457545649343733650071145993382045903032049532064252873476703410140894681694738638609881691082337936918004775771980943088376790120505943057512547014249072853565066429738086042763416705906031239386303022308121023211842478465422285133862316103035320501817621167839442483358647998872093914603595827886671660262922649484595401366659391084077139053510490758403827633238732 +/- 6.57e-676]*im
2; 11; 12; 10; 11; 1; 1; 10; 1; 1; [0.46901009824161957931898223059775868340597820623801345847467573185058735300793808551280186187228994934914835150744150831253124635726211598986866330662108439487290462577182759069566541222242143267147656175049710212547753078538151529896003267762053292686584276623916248033942879733933913720778417158400762027721025314019835874303435823991088573569665153888116133823005453066240927472489491621901021286379862756492686904958318867476432567663844596438776424464482111173193953172357332988249784070729437422741720349552409840108997799425167039926313839795714321532825679326608372936448126303591446559436260412881828355323592523199766869889891876561595557912604263284517518549007171 +/- 6.51e-675] + [+/- 1.81e-675]*im
2; 11; 12; 10; 11; 1; 1; 8; 1; 1; [0.99194791369242678462064717920277289462038789868278293307810065897642494348821461452064871386327459761049094793875602605216915873416087226510257641377444224046226468508307891307522432581005567321898261780719662228359170506259415257706612365840691962617248810752273378100152722852290398538518362914848757944365990004540870992483020928853247732559789328789412939387555540036028345695344196326260172013050013285918839765175239325802887978744187614552584159954366538720111837804089152284787878496576002669997733965449246751320183608462561185310805857385348699675721390352735155262368495137442600442353537525343859441503973811287108257871220204821248720845573383178528242765461035 +/- 1.78e-675] + [0.47252963740130766112263915089030680442839326247124286135477277799186226233189532605414851165921995735506603814261188379451703804360741219768253569500061308755791325871779429081735439589289607935390878218793814320806590356150820938586593652899476078871959464721370426662840649953214103729652143889500722869094675905214540805383785418599563018337506912922752946079368822133204145081270760065935026181668810229651563146772972606974892912317246579077017015323946365838225599693660044344854818033401161223598935776403830090501630779909356963072184788745323560425618229402333515834337132891681012985275629683464306777375029323631839164791128124801951406468159929002872700881921845 +/- 3.34e-675]*im
2; 11; 12; 10; 2; 1; 1; 12; 1; 1; [0.058537624938764459023613757913186897025242526174159547197635175820456994416694771167021447647473497163870018457958937848555973781061076060298258022875192554899445045699457452593431721765541711974695731838967159862036733420201110178992289735837690749371564681566137223884206548877987955305078561659197678595591223293770557543050339108831281906900134741108513968331740926637095802369753686754541287722697972903886498224041715786428516149535087206294360812268136414634028289005980900630906006839606541052768508594590949561748342954836297925944316092047375039761956785526721974398614483622186637542575264261983176659017984572317287488862054335516501551280650391665826768690854168 +/- 6.13e-676] + [+/- 2.55e-676]*im
2; 11; 12; 10; 12; 1; 1; 3; 1; 1; [0.517835051019001893515462014565195507575264048262292157021834581413384619994364184751760858868755151076842717587413366389560460042727381844270292106528167079012149165739508023048290935790555151299386801968345417203664589788325655112340253709781906439555471897681231266353212044608897958392475804295007521872109357576658833414959977219146127382491014528480532243355334982146734645200657122300408211369323985484817409186074201964058822120261939664360320897698759524787863965426199412736145110286222238471037160190089052612595824856852164122954330159728980210579082905065000965431132008102926872955981252648519821016173819439513084634695173512343006002561200704953640978316739338 +/- 5.93e-676] + [0.482076713043075152757020466239275971508253211960904909110774134231551775710892162335410610013378630318159165732015031442522406882192872065565960582681640863180355547510910314131697943198398046956287290960157420805026772237454926917273709916120198890362818516788529800401588239499041776705132660155183209985888369063974065048045796058585992068830696407129110260916233985942024223979442014416131554767608927581872882251855256631139359453254900645201042368182057139144578904863298083130978498310973716955684025552322694329378609781937835684013782497968429249022427048507480179802803864767996038773586765364277734780014802330486094947142430354620748220172188306855885524327316850 +/- 2.62e-676]*im
